{
	"class_name" : "PinholeCameraParameters",
	"extrinsic" : 
	[
		0.94614618387025695,
		-0.16942023776635817,
		0.27586986385421053,
		0.0,
		0.15436134519008263,
		-0.51294736549476994,
		-0.84442736534475438,
		0.0,
		0.28456980489654576,
		0.84153537255849553,
		-0.4591712565851398,
		0.0,
		-30.976936664968271,
		5.5477854264117425,
		33.589144740875525,
		1.0
	],
	"intrinsic" : 
	{
		"height" : 1080,
		"intrinsic_matrix" : 
		[
			935.30743608719376,
			0.0,
			0.0,
			0.0,
			935.30743608719376,
			0.0,
			959.5,
			539.5,
			1.0
		],
		"width" : 1920
	},
	"version_major" : 1,
	"version_minor" : 0
}